Keyword,Search Intent,Target Route,Primary Entity,Priority,Search Volume Tier
AI Development Company,Commercial,https://vertex-loop.vercel.app/services/ai-development,Vertex Loop,High,High
Enterprise Custom Software,Commercial,https://vertex-loop.vercel.app/services/custom-software-development,Vertex Loop,High,High
Cloud DevOps Architecture,Commercial,https://vertex-loop.vercel.app/services/cloud-architecture,Vertex Loop,High,Medium
Technical SEO Agency,Commercial,https://vertex-loop.vercel.app/services/digital-marketing,Vertex Loop,High,Medium
AI Content Creator Platform,Transactional,https://vertex-loop.vercel.app/products/scripten,SCRIPTen,High,Medium
Enterprise Cloud ERP Software,Transactional,https://vertex-loop.vercel.app/products/erp,Vertex Loop ERP,High,High
Cloud HRMS Platform,Transactional,https://vertex-loop.vercel.app/products/hrms,Enterprise HRMS,High,Medium
Digital Invoicing Billing Tool,Transactional,https://vertex-loop.vercel.app/products/invoicing,Digital Invoicing,High,Medium
Crack Leap Tech Education,Informational / Navigational,https://vertex-loop.vercel.app/academy,Crack Leap,High,High
Software Engineering Bootcamp,Informational,https://crackleap.vertexloop.in,Crack Leap,High,High
AI Machine Learning Course,Informational,https://crackleap.vertexloop.in,Crack Leap,High,High
Corporate Technology Upskilling,Commercial,https://crackleap.vertexloop.in,Crack Leap,High,Medium
